{
    "data": {
        "500_buffer": {
            "affluence_index": 4.127932064233778
        },
        "15m_catchment": {
            "affluence_index": 3.675222085892962
        }
    }
}