{
    "data": {
        "500_buffer": {
            "avg_cft": 838.8059701492538
        },
        "15m_catchment": {
            "avg_cft": 460.91188524590166
        }
    }
}