{
    "data": {
        "500_buffer": {
            "total_population": 36034.037149014424,
            "f_0": 256.5150337385388,
            "f_1": 981.1693848168588,
            "f_10": 1057.7173093212712,
            "f_15": 1260.384808084099,
            "f_20": 1813.1399666052216,
            "f_25": 2093.9826784858815,
            "f_30": 1721.907639903079,
            "f_35": 1469.8555834226856,
            "f_40": 1103.5992608982388,
            "f_45": 1019.4577405878168,
            "f_5": 1043.3823063731868,
            "f_50": 877.1203412049987,
            "f_55": 737.1921765842475,
            "f_60": 552.160090926191,
            "f_65": 406.5846260030383,
            "f_70": 243.02043109080122,
            "f_75": 178.54914941968468,
            "f_80": 0.0,
            "m_0": 281.835601276249,
            "m_1": 1079.8922176491824,
            "m_10": 1164.1174981196718,
            "m_15": 1342.3551736570007,
            "m_20": 2052.8105191558097,
            "m_25": 2359.8406284606094,
            "m_30": 2160.598998927378,
            "m_35": 1768.007658294535,
            "m_40": 1305.206626338638,
            "m_45": 1118.7216854270725,
            "m_5": 1146.9728516879352,
            "m_50": 889.8172467233723,
            "m_55": 792.7035066080867,
            "m_60": 583.7943079296317,
            "m_65": 420.7736368053443,
            "m_70": 236.92968297232503,
            "m_75": 168.27085440278807,
            "m_80": 148.47015636839342,
            "p_0": 538.3506350147878,
            "p_1": 2061.061602466041,
            "p_5": 2190.355158061122,
            "p_10": 2221.8348074409428,
            "p_15": 2602.7399817410997,
            "p_20": 3865.9504857610314,
            "p_25": 4453.823306946491,
            "p_30": 3882.5066388304567,
            "p_35": 3237.8632417172207,
            "p_40": 2408.8058872368765,
            "p_45": 2138.1794260148895,
            "p_50": 1766.937587928371,
            "p_55": 1529.8956831923342,
            "p_60": 1135.9543988558225,
            "p_65": 827.3582628083826,
            "p_70": 479.95011406312625,
            "p_75": 346.82000382247276,
            "p_80": 148.47015636839342
        },
        "15m_catchment": {
            "total_population": 2173071.2660253,
            "f_0": 15469.414245227172,
            "f_1": 59170.47224464321,
            "f_10": 63786.77657349413,
            "f_15": 76008.85791207846,
            "f_20": 109343.35110601744,
            "f_25": 126279.8722685743,
            "f_30": 103841.48740314945,
            "f_35": 88641.21834578508,
            "f_40": 66553.73723938469,
            "f_45": 61479.49266346449,
            "f_5": 62922.28939572664,
            "f_50": 52895.6834344726,
            "f_55": 44457.16503525432,
            "f_60": 33298.60656501629,
            "f_65": 24519.522055432924,
            "f_70": 14655.607786246881,
            "f_75": 10767.59799873797,
            "f_80": 0.0,
            "m_0": 16996.39827401527,
            "m_1": 65124.05889453296,
            "m_10": 70203.35500747156,
            "m_15": 80952.1687926631,
            "m_20": 123796.94005587325,
            "m_25": 142312.72085385304,
            "m_30": 130297.2402860423,
            "m_35": 106621.59878718817,
            "m_40": 78711.88567208365,
            "m_45": 67465.71155540308,
            "m_5": 69169.4285630924,
            "m_50": 53661.38348174807,
            "m_55": 47804.83545444888,
            "m_60": 35206.34190824809,
            "m_65": 25375.20557467496,
            "m_70": 14288.29876750065,
            "m_75": 10147.754435859466,
            "m_80": 8953.652036087205,
            "p_0": 32465.81251924244,
            "p_1": 124294.53113917616,
            "p_5": 132091.71795881903,
            "p_10": 133990.13158096568,
            "p_15": 156961.02670474155,
            "p_20": 233140.2911618907,
            "p_25": 268592.59312242735,
            "p_30": 234138.72768919176,
            "p_35": 195262.81713297326,
            "p_40": 145265.62291146832,
            "p_45": 128945.20421886757,
            "p_50": 106557.06691622068,
            "p_55": 92262.0004897032,
            "p_60": 68504.94847326438,
            "p_65": 49894.72763010789,
            "p_70": 28943.906553747533,
            "p_75": 20915.352434597437,
            "p_80": 8953.652036087205
        }
    }
}